ticker,title,status,city,date,comparison,threshold_low,threshold_high,predicted_temp_f,std_dev,source,ai_probability_yes,predicted_direction,resolved_outcome,yes_ask_percent,yes_bid_percent,no_ask_percent,no_bid_percent,last_price_percent,result
KXHIGHLAX-26MAR18-T89,"Will the **high temp in LA** be >89° on Mar 18, 2026?",finalized,Los Angeles,"Mar 18, 2026",greater_than,89.0,,96.08,9.54,openmeteo_archive,77.1,YES,NO,100.0,0.0,100.0,0.0,1.0,LOSS
KXHIGHLAX-26MAR18-T82,"Will the **high temp in LA** be <82° on Mar 18, 2026?",finalized,Los Angeles,"Mar 18, 2026",less_than,,82.0,96.08,9.54,openmeteo_archive,7.0,NO,NO,100.0,0.0,100.0,0.0,1.0,WIN
KXHIGHLAX-26MAR18-B88.5,"Will the **high temp in LA** be 88-89° on Mar 18, 2026?",finalized,Los Angeles,"Mar 18, 2026",between,88.0,89.0,96.08,9.54,openmeteo_archive,3.05,NO,NO,100.0,0.0,100.0,0.0,1.0,WIN
KXHIGHLAX-26MAR18-B86.5,"Will the **high temp in LA** be 86-87° on Mar 18, 2026?",finalized,Los Angeles,"Mar 18, 2026",between,86.0,87.0,96.08,9.54,openmeteo_archive,2.53,NO,NO,100.0,0.0,100.0,0.0,1.0,WIN
KXHIGHLAX-26MAR18-B84.5,"Will the **high temp in LA** be 84-85° on Mar 18, 2026?",finalized,Los Angeles,"Mar 18, 2026",between,84.0,85.0,96.08,9.54,openmeteo_archive,2.0,NO,NO,100.0,0.0,100.0,0.0,1.0,WIN
KXHIGHLAX-26MAR18-B82.5,"Will the **high temp in LA** be 82-83° on Mar 18, 2026?",finalized,Los Angeles,"Mar 18, 2026",between,82.0,83.0,96.08,9.54,openmeteo_archive,1.52,NO,YES,100.0,0.0,100.0,0.0,99.0,LOSS
KXHIGHLAX-26MAR17-T90,"Will the **high temp in LA** be >90° on Mar 17, 2026?",finalized,Los Angeles,"Mar 17, 2026",greater_than,90.0,,98.24,12.78,openmeteo_archive,74.05,YES,YES,100.0,0.0,100.0,0.0,99.0,WIN
KXHIGHLAX-26MAR17-T83,"Will the **high temp in LA** be <83° on Mar 17, 2026?",finalized,Los Angeles,"Mar 17, 2026",less_than,,83.0,98.24,12.78,openmeteo_archive,11.65,NO,NO,100.0,0.0,100.0,0.0,1.0,WIN
KXHIGHLAX-26MAR17-B89.5,"Will the **high temp in LA** be 89-90° on Mar 17, 2026?",finalized,Los Angeles,"Mar 17, 2026",between,89.0,90.0,98.24,12.78,openmeteo_archive,2.47,NO,NO,100.0,0.0,100.0,0.0,1.0,WIN
KXHIGHLAX-26MAR17-B87.5,"Will the **high temp in LA** be 87-88° on Mar 17, 2026?",finalized,Los Angeles,"Mar 17, 2026",between,87.0,88.0,98.24,12.78,openmeteo_archive,2.19,NO,NO,100.0,0.0,100.0,0.0,1.0,WIN
KXHIGHLAX-26MAR17-B85.5,"Will the **high temp in LA** be 85-86° on Mar 17, 2026?",finalized,Los Angeles,"Mar 17, 2026",between,85.0,86.0,98.24,12.78,openmeteo_archive,1.9,NO,NO,100.0,0.0,100.0,0.0,1.0,WIN
KXHIGHLAX-26MAR17-B83.5,"Will the **high temp in LA** be 83-84° on Mar 17, 2026?",finalized,Los Angeles,"Mar 17, 2026",between,83.0,84.0,98.24,12.78,openmeteo_archive,1.61,NO,NO,100.0,0.0,100.0,0.0,1.0,WIN
KXHIGHLAX-26MAR16-T86,"Will the **high temp in LA** be >86° on Mar 16, 2026?",finalized,Los Angeles,"Mar 16, 2026",greater_than,86.0,,91.04,11.22,openmeteo_archive,67.34,YES,NO,100.0,0.0,100.0,0.0,4.0,LOSS
KXHIGHLAX-26MAR16-T79,"Will the **high temp in LA** be <79° on Mar 16, 2026?",finalized,Los Angeles,"Mar 16, 2026",less_than,,79.0,91.04,11.22,openmeteo_archive,14.16,NO,YES,100.0,0.0,100.0,0.0,95.0,LOSS
KXHIGHLAX-26MAR16-B85.5,"Will the **high temp in LA** be 85-86° on Mar 16, 2026?",finalized,Los Angeles,"Mar 16, 2026",between,85.0,86.0,91.04,11.22,openmeteo_archive,3.15,NO,NO,100.0,0.0,100.0,0.0,1.0,WIN
KXHIGHLAX-26MAR16-B83.5,"Will the **high temp in LA** be 83-84° on Mar 16, 2026?",finalized,Los Angeles,"Mar 16, 2026",between,83.0,84.0,91.04,11.22,openmeteo_archive,2.84,NO,NO,100.0,0.0,100.0,0.0,2.0,WIN
KXHIGHLAX-26MAR16-B81.5,"Will the **high temp in LA** be 81-82° on Mar 16, 2026?",finalized,Los Angeles,"Mar 16, 2026",between,81.0,82.0,91.04,11.22,openmeteo_archive,2.48,NO,NO,100.0,0.0,100.0,0.0,1.0,WIN
KXHIGHLAX-26MAR16-B79.5,"Will the **high temp in LA** be 79-80° on Mar 16, 2026?",finalized,Los Angeles,"Mar 16, 2026",between,79.0,80.0,91.04,11.22,openmeteo_archive,2.1,NO,NO,100.0,0.0,100.0,0.0,2.0,WIN
KXHIGHLAX-26MAR15-T79,"Will the **high temp in LA** be >79° on Mar 15, 2026?",finalized,Los Angeles,"Mar 15, 2026",greater_than,79.0,,82.4,8.52,openmeteo_archive,65.51,YES,NO,100.0,0.0,100.0,0.0,1.0,LOSS
KXHIGHLAX-26MAR15-T72,"Will the **high temp in LA** be <72° on Mar 15, 2026?",finalized,Los Angeles,"Mar 15, 2026",less_than,,72.0,82.4,8.52,openmeteo_archive,11.11,NO,YES,100.0,0.0,100.0,0.0,99.0,LOSS
KXHIGHLAX-26MAR15-B78.5,"Will the **high temp in LA** be 78-79° on Mar 15, 2026?",finalized,Los Angeles,"Mar 15, 2026",between,78.0,79.0,82.4,8.52,openmeteo_archive,4.21,NO,NO,100.0,0.0,100.0,0.0,1.0,WIN
KXHIGHLAX-26MAR15-B76.5,"Will the **high temp in LA** be 76-77° on Mar 15, 2026?",finalized,Los Angeles,"Mar 15, 2026",between,76.0,77.0,82.4,8.52,openmeteo_archive,3.68,NO,NO,100.0,0.0,100.0,0.0,1.0,WIN
KXHIGHLAX-26MAR15-B74.5,"Will the **high temp in LA** be 74-75° on Mar 15, 2026?",finalized,Los Angeles,"Mar 15, 2026",between,74.0,75.0,82.4,8.52,openmeteo_archive,3.05,NO,NO,100.0,0.0,100.0,0.0,1.0,WIN
KXHIGHLAX-26MAR15-B72.5,"Will the **high temp in LA** be 72-73° on Mar 15, 2026?",finalized,Los Angeles,"Mar 15, 2026",between,72.0,73.0,82.4,8.52,openmeteo_archive,2.38,NO,NO,100.0,0.0,100.0,0.0,1.0,WIN
KXHIGHLAX-26MAR14-T79,"Will the **high temp in LA** be >79° on Mar 14, 2026?",finalized,Los Angeles,"Mar 14, 2026",greater_than,79.0,,83.84,8.22,openmeteo_archive,72.2,YES,NO,100.0,0.0,100.0,0.0,1.0,LOSS
KXHIGHLAX-26MAR14-T72,"Will the **high temp in LA** be <72° on Mar 14, 2026?",finalized,Los Angeles,"Mar 14, 2026",less_than,,72.0,83.84,8.22,openmeteo_archive,7.49,NO,NO,100.0,0.0,100.0,0.0,1.0,WIN
KXHIGHLAX-26MAR14-B78.5,"Will the **high temp in LA** be 78-79° on Mar 14, 2026?",finalized,Los Angeles,"Mar 14, 2026",between,78.0,79.0,83.84,8.22,openmeteo_archive,3.93,NO,YES,100.0,0.0,100.0,0.0,99.0,LOSS
KXHIGHLAX-26MAR14-B76.5,"Will the **high temp in LA** be 76-77° on Mar 14, 2026?",finalized,Los Angeles,"Mar 14, 2026",between,76.0,77.0,83.84,8.22,openmeteo_archive,3.26,NO,NO,100.0,0.0,100.0,0.0,1.0,WIN
KXHIGHLAX-26MAR14-B74.5,"Will the **high temp in LA** be 74-75° on Mar 14, 2026?",finalized,Los Angeles,"Mar 14, 2026",between,74.0,75.0,83.84,8.22,openmeteo_archive,2.55,NO,NO,100.0,0.0,100.0,0.0,1.0,WIN
KXHIGHLAX-26MAR14-B72.5,"Will the **high temp in LA** be 72-73° on Mar 14, 2026?",finalized,Los Angeles,"Mar 14, 2026",between,72.0,73.0,83.84,8.22,openmeteo_archive,1.88,NO,NO,100.0,0.0,100.0,0.0,1.0,WIN
KXHIGHLAX-26MAR13-T88,"Will the **high temp in LA** be >88° on Mar 13, 2026?",finalized,Los Angeles,"Mar 13, 2026",greater_than,88.0,,92.48,12.9,openmeteo_archive,63.58,YES,NO,100.0,0.0,100.0,0.0,1.0,LOSS
KXHIGHLAX-26MAR13-T81,"Will the **high temp in LA** be <81° on Mar 13, 2026?",finalized,Los Angeles,"Mar 13, 2026",less_than,,81.0,92.48,12.9,openmeteo_archive,18.68,NO,NO,100.0,0.0,100.0,0.0,1.0,WIN
KXHIGHLAX-26MAR13-B87.5,"Will the **high temp in LA** be 87-88° on Mar 13, 2026?",finalized,Los Angeles,"Mar 13, 2026",between,87.0,88.0,92.48,12.9,openmeteo_archive,2.87,NO,YES,100.0,0.0,100.0,0.0,99.0,LOSS
KXHIGHLAX-26MAR13-B85.5,"Will the **high temp in LA** be 85-86° on Mar 13, 2026?",finalized,Los Angeles,"Mar 13, 2026",between,85.0,86.0,92.48,12.9,openmeteo_archive,2.67,NO,NO,100.0,0.0,100.0,0.0,1.0,WIN
KXHIGHLAX-26MAR13-B83.5,"Will the **high temp in LA** be 83-84° on Mar 13, 2026?",finalized,Los Angeles,"Mar 13, 2026",between,83.0,84.0,92.48,12.9,openmeteo_archive,2.43,NO,NO,100.0,0.0,100.0,0.0,1.0,WIN
KXHIGHLAX-26MAR13-B81.5,"Will the **high temp in LA** be 81-82° on Mar 13, 2026?",finalized,Los Angeles,"Mar 13, 2026",between,81.0,82.0,92.48,12.9,openmeteo_archive,2.15,NO,NO,100.0,0.0,100.0,0.0,1.0,WIN
KXHIGHLAX-26MAR12-T92,"Will the **high temp in LA** be >92° on Mar 12, 2026?",finalized,Los Angeles,"Mar 12, 2026",greater_than,92.0,,91.76,13.14,openmeteo_archive,49.27,,NO,100.0,0.0,100.0,0.0,1.0,NO_SIGNAL
KXHIGHLAX-26MAR12-T85,"Will the **high temp in LA** be <85° on Mar 12, 2026?",finalized,Los Angeles,"Mar 12, 2026",less_than,,85.0,91.76,13.14,openmeteo_archive,30.35,NO,YES,100.0,0.0,100.0,0.0,99.0,LOSS
KXHIGHLAX-26MAR12-B91.5,"Will the **high temp in LA** be 91-92° on Mar 12, 2026?",finalized,Los Angeles,"Mar 12, 2026",between,91.0,92.0,91.76,13.14,openmeteo_archive,3.03,NO,NO,100.0,0.0,100.0,0.0,1.0,WIN
KXHIGHLAX-26MAR12-B89.5,"Will the **high temp in LA** be 89-90° on Mar 12, 2026?",finalized,Los Angeles,"Mar 12, 2026",between,89.0,90.0,91.76,13.14,openmeteo_archive,2.99,NO,NO,100.0,0.0,100.0,0.0,1.0,WIN
KXHIGHLAX-26MAR12-B87.5,"Will the **high temp in LA** be 87-88° on Mar 12, 2026?",finalized,Los Angeles,"Mar 12, 2026",between,87.0,88.0,91.76,13.14,openmeteo_archive,2.88,NO,NO,100.0,0.0,100.0,0.0,1.0,WIN
KXHIGHLAX-26MAR12-B85.5,"Will the **high temp in LA** be 85-86° on Mar 12, 2026?",finalized,Los Angeles,"Mar 12, 2026",between,85.0,86.0,91.76,13.14,openmeteo_archive,2.71,NO,NO,100.0,0.0,100.0,0.0,1.0,WIN
KXHIGHLAX-26MAR11-T77,"Will the **high temp in LA** be >77° on Mar 11, 2026?",finalized,Los Angeles,"Mar 11, 2026",greater_than,77.0,,77.72,8.58,openmeteo_archive,53.34,,NO,100.0,0.0,100.0,0.0,1.0,NO_SIGNAL
KXHIGHLAX-26MAR11-T70,"Will the **high temp in LA** be <70° on Mar 11, 2026?",finalized,Los Angeles,"Mar 11, 2026",less_than,,70.0,77.72,8.58,openmeteo_archive,18.41,NO,YES,100.0,0.0,100.0,0.0,99.0,LOSS
KXHIGHLAX-26MAR11-B76.5,"Will the **high temp in LA** be 76-77° on Mar 11, 2026?",finalized,Los Angeles,"Mar 11, 2026",between,76.0,77.0,77.72,8.58,openmeteo_archive,4.6,NO,NO,100.0,0.0,100.0,0.0,1.0,WIN
KXHIGHLAX-26MAR11-B74.5,"Will the **high temp in LA** be 74-75° on Mar 11, 2026?",finalized,Los Angeles,"Mar 11, 2026",between,74.0,75.0,77.72,8.58,openmeteo_archive,4.33,NO,NO,100.0,0.0,100.0,0.0,2.0,WIN
KXHIGHLAX-26MAR11-B72.5,"Will the **high temp in LA** be 72-73° on Mar 11, 2026?",finalized,Los Angeles,"Mar 11, 2026",between,72.0,73.0,77.72,8.58,openmeteo_archive,3.86,NO,NO,100.0,0.0,100.0,0.0,1.0,WIN
KXHIGHLAX-26MAR11-B70.5,"Will the **high temp in LA** be 70-71° on Mar 11, 2026?",finalized,Los Angeles,"Mar 11, 2026",between,70.0,71.0,77.72,8.58,openmeteo_archive,3.26,NO,NO,100.0,0.0,100.0,0.0,2.0,WIN
KXHIGHLAX-26MAR10-T72,"Will the **high temp in LA** be >72° on Mar 10, 2026?",finalized,Los Angeles,"Mar 10, 2026",greater_than,72.0,,71.42,5.46,openmeteo_archive,45.77,,NO,100.0,0.0,100.0,0.0,1.0,NO_SIGNAL
KXHIGHLAX-26MAR10-T65,"Will the **high temp in LA** be <65° on Mar 10, 2026?",finalized,Los Angeles,"Mar 10, 2026",less_than,,65.0,71.42,5.46,openmeteo_archive,11.98,NO,NO,100.0,0.0,100.0,0.0,1.0,WIN
KXHIGHLAX-26MAR10-B71.5,"Will the **high temp in LA** be 71-72° on Mar 10, 2026?",finalized,Los Angeles,"Mar 10, 2026",between,71.0,72.0,71.42,5.46,openmeteo_archive,7.3,NO,NO,100.0,0.0,100.0,0.0,1.0,WIN
KXHIGHLAX-26MAR10-B69.5,"Will the **high temp in LA** be 69-70° on Mar 10, 2026?",finalized,Los Angeles,"Mar 10, 2026",between,69.0,70.0,71.42,5.46,openmeteo_archive,6.86,NO,NO,100.0,0.0,100.0,0.0,1.0,WIN
KXHIGHLAX-26MAR10-B67.5,"Will the **high temp in LA** be 67-68° on Mar 10, 2026?",finalized,Los Angeles,"Mar 10, 2026",between,67.0,68.0,71.42,5.46,openmeteo_archive,5.64,NO,YES,100.0,0.0,100.0,0.0,98.0,LOSS
KXHIGHLAX-26MAR10-B65.5,"Will the **high temp in LA** be 65-66° on Mar 10, 2026?",finalized,Los Angeles,"Mar 10, 2026",between,65.0,66.0,71.42,5.46,openmeteo_archive,4.06,NO,NO,100.0,0.0,100.0,0.0,1.0,WIN
KXHIGHLAX-26MAR09-T74,"Will the **high temp in LA** be >74° on Mar 9, 2026?",finalized,Los Angeles,"Mar 9, 2026",greater_than,74.0,,73.76,6.6,openmeteo_archive,48.55,,NO,100.0,0.0,100.0,0.0,1.0,NO_SIGNAL
KXHIGHLAX-26MAR09-T67,"Will the **high temp in LA** be <67° on Mar 9, 2026?",finalized,Los Angeles,"Mar 9, 2026",less_than,,67.0,73.76,6.6,openmeteo_archive,15.29,NO,NO,100.0,0.0,100.0,0.0,1.0,WIN
KXHIGHLAX-26MAR09-B73.5,"Will the **high temp in LA** be 73-74° on Mar 9, 2026?",finalized,Los Angeles,"Mar 9, 2026",between,73.0,74.0,73.76,6.6,openmeteo_archive,6.03,NO,NO,100.0,0.0,100.0,0.0,1.0,WIN
KXHIGHLAX-26MAR09-B71.5,"Will the **high temp in LA** be 71-72° on Mar 9, 2026?",finalized,Los Angeles,"Mar 9, 2026",between,71.0,72.0,73.76,6.6,openmeteo_archive,5.7,NO,NO,100.0,0.0,100.0,0.0,1.0,WIN
KXHIGHLAX-26MAR09-B69.5,"Will the **high temp in LA** be 69-70° on Mar 9, 2026?",finalized,Los Angeles,"Mar 9, 2026",between,69.0,70.0,73.76,6.6,openmeteo_archive,4.91,NO,YES,100.0,0.0,100.0,0.0,99.0,LOSS
KXHIGHLAX-26MAR09-B67.5,"Will the **high temp in LA** be 67-68° on Mar 9, 2026?",finalized,Los Angeles,"Mar 9, 2026",between,67.0,68.0,73.76,6.6,openmeteo_archive,3.85,NO,NO,100.0,0.0,100.0,0.0,1.0,WIN
KXHIGHLAX-26MAR08-T91,"Will the **high temp in LA** be >91° on Mar 8, 2026?",finalized,Los Angeles,"Mar 8, 2026",greater_than,91.0,,89.06,10.86,openmeteo_archive,42.91,NO,NO,100.0,0.0,100.0,0.0,1.0,WIN
KXHIGHLAX-26MAR08-T84,"Will the **high temp in LA** be <84° on Mar 8, 2026?",finalized,Los Angeles,"Mar 8, 2026",less_than,,84.0,89.06,10.86,openmeteo_archive,32.06,NO,NO,100.0,0.0,100.0,0.0,1.0,WIN
KXHIGHLAX-26MAR08-B90.5,"Will the **high temp in LA** be 90-91° on Mar 8, 2026?",finalized,Los Angeles,"Mar 8, 2026",between,90.0,91.0,89.06,10.86,openmeteo_archive,3.64,NO,NO,100.0,0.0,100.0,0.0,1.0,WIN
KXHIGHLAX-26MAR08-B88.5,"Will the **high temp in LA** be 88-89° on Mar 8, 2026?",finalized,Los Angeles,"Mar 8, 2026",between,88.0,89.0,89.06,10.86,openmeteo_archive,3.67,NO,YES,100.0,0.0,100.0,0.0,99.0,LOSS
KXHIGHLAX-26MAR08-B86.5,"Will the **high temp in LA** be 86-87° on Mar 8, 2026?",finalized,Los Angeles,"Mar 8, 2026",between,86.0,87.0,89.06,10.86,openmeteo_archive,3.57,NO,NO,100.0,0.0,100.0,0.0,1.0,WIN
KXHIGHLAX-26MAR08-B84.5,"Will the **high temp in LA** be 84-85° on Mar 8, 2026?",finalized,Los Angeles,"Mar 8, 2026",between,84.0,85.0,89.06,10.86,openmeteo_archive,3.36,NO,NO,100.0,0.0,100.0,0.0,1.0,WIN
KXHIGHLAX-26MAR07-T85,"Will the **high temp in LA** be >85° on Mar 7, 2026?",finalized,Los Angeles,"Mar 7, 2026",greater_than,85.0,,77.36,8.04,openmeteo_archive,17.1,NO,NO,100.0,0.0,100.0,0.0,1.0,WIN
KXHIGHLAX-26MAR07-T78,"Will the **high temp in LA** be <78° on Mar 7, 2026?",finalized,Los Angeles,"Mar 7, 2026",less_than,,78.0,77.36,8.04,openmeteo_archive,53.17,,NO,100.0,0.0,100.0,0.0,1.0,NO_SIGNAL
KXHIGHLAX-26MAR07-B84.5,"Will the **high temp in LA** be 84-85° on Mar 7, 2026?",finalized,Los Angeles,"Mar 7, 2026",between,84.0,85.0,77.36,8.04,openmeteo_archive,3.34,NO,NO,100.0,0.0,100.0,0.0,1.0,WIN
KXHIGHLAX-26MAR07-B82.5,"Will the **high temp in LA** be 82-83° on Mar 7, 2026?",finalized,Los Angeles,"Mar 7, 2026",between,82.0,83.0,77.36,8.04,openmeteo_archive,4.04,NO,NO,100.0,0.0,100.0,0.0,1.0,WIN
KXHIGHLAX-26MAR07-B80.5,"Will the **high temp in LA** be 80-81° on Mar 7, 2026?",finalized,Los Angeles,"Mar 7, 2026",between,80.0,81.0,77.36,8.04,openmeteo_archive,4.6,NO,NO,100.0,0.0,100.0,0.0,1.0,WIN
KXHIGHLAX-26MAR07-B78.5,"Will the **high temp in LA** be 78-79° on Mar 7, 2026?",finalized,Los Angeles,"Mar 7, 2026",between,78.0,79.0,77.36,8.04,openmeteo_archive,4.91,NO,YES,100.0,0.0,100.0,0.0,99.0,LOSS
KXHIGHLAX-26MAR06-T76,"Will the **high temp in LA** be >76° on Mar 6, 2026?",finalized,Los Angeles,"Mar 6, 2026",greater_than,76.0,,76.82,8.94,openmeteo_archive,53.65,,NO,100.0,0.0,100.0,0.0,1.0,NO_SIGNAL
KXHIGHLAX-26MAR06-T69,"Will the **high temp in LA** be <69° on Mar 6, 2026?",finalized,Los Angeles,"Mar 6, 2026",less_than,,69.0,76.82,8.94,openmeteo_archive,19.09,NO,NO,100.0,0.0,100.0,0.0,1.0,WIN
KXHIGHLAX-26MAR06-B75.5,"Will the **high temp in LA** be 75-76° on Mar 6, 2026?",finalized,Los Angeles,"Mar 6, 2026",between,75.0,76.0,76.82,8.94,openmeteo_archive,4.41,NO,NO,100.0,0.0,100.0,0.0,1.0,WIN
KXHIGHLAX-26MAR06-B73.5,"Will the **high temp in LA** be 73-74° on Mar 6, 2026?",finalized,Los Angeles,"Mar 6, 2026",between,73.0,74.0,76.82,8.94,openmeteo_archive,4.16,NO,YES,100.0,0.0,100.0,0.0,99.0,LOSS
KXHIGHLAX-26MAR06-B71.5,"Will the **high temp in LA** be 71-72° on Mar 6, 2026?",finalized,Los Angeles,"Mar 6, 2026",between,71.0,72.0,76.82,8.94,openmeteo_archive,3.74,NO,NO,100.0,0.0,100.0,0.0,1.0,WIN
KXHIGHLAX-26MAR06-B69.5,"Will the **high temp in LA** be 69-70° on Mar 6, 2026?",finalized,Los Angeles,"Mar 6, 2026",between,69.0,70.0,76.82,8.94,openmeteo_archive,3.19,NO,NO,100.0,0.0,100.0,0.0,1.0,WIN
KXHIGHLAX-26MAR05-T75,"Will the **high temp in LA** be >75° on Mar 5, 2026?",finalized,Los Angeles,"Mar 5, 2026",greater_than,75.0,,74.84,7.02,openmeteo_archive,49.09,,YES,100.0,0.0,100.0,0.0,99.0,NO_SIGNAL
KXHIGHLAX-26MAR05-T68,"Will the **high temp in LA** be <68° on Mar 5, 2026?",finalized,Los Angeles,"Mar 5, 2026",less_than,,68.0,74.84,7.02,openmeteo_archive,16.49,NO,NO,100.0,0.0,100.0,0.0,1.0,WIN
KXHIGHLAX-26MAR05-B74.5,"Will the **high temp in LA** be 74-75° on Mar 5, 2026?",finalized,Los Angeles,"Mar 5, 2026",between,74.0,75.0,74.84,7.02,openmeteo_archive,5.67,NO,NO,100.0,0.0,100.0,0.0,1.0,WIN
KXHIGHLAX-26MAR05-B72.5,"Will the **high temp in LA** be 72-73° on Mar 5, 2026?",finalized,Los Angeles,"Mar 5, 2026",between,72.0,73.0,74.84,7.02,openmeteo_archive,5.37,NO,NO,100.0,0.0,100.0,0.0,1.0,WIN
KXHIGHLAX-26MAR05-B70.5,"Will the **high temp in LA** be 70-71° on Mar 5, 2026?",finalized,Los Angeles,"Mar 5, 2026",between,70.0,71.0,74.84,7.02,openmeteo_archive,4.69,NO,NO,100.0,0.0,100.0,0.0,1.0,WIN
KXHIGHLAX-26MAR05-B68.5,"Will the **high temp in LA** be 68-69° on Mar 5, 2026?",finalized,Los Angeles,"Mar 5, 2026",between,68.0,69.0,74.84,7.02,openmeteo_archive,3.78,NO,NO,100.0,0.0,100.0,0.0,1.0,WIN
KXHIGHLAX-26MAR04-T71,"Will the **high temp in LA** be >71° on Mar 4, 2026?",finalized,Los Angeles,"Mar 4, 2026",greater_than,71.0,,71.24,6.54,openmeteo_archive,51.46,,NO,100.0,0.0,100.0,0.0,1.0,NO_SIGNAL
KXHIGHLAX-26MAR04-T64,"Will the **high temp in LA** be <64° on Mar 4, 2026?",finalized,Los Angeles,"Mar 4, 2026",less_than,,64.0,71.24,6.54,openmeteo_archive,13.41,NO,NO,100.0,0.0,100.0,0.0,1.0,WIN
KXHIGHLAX-26MAR04-B70.5,"Will the **high temp in LA** be 70-71° on Mar 4, 2026?",finalized,Los Angeles,"Mar 4, 2026",between,70.0,71.0,71.24,6.54,openmeteo_archive,6.06,NO,NO,100.0,0.0,100.0,0.0,1.0,WIN
KXHIGHLAX-26MAR04-B68.5,"Will the **high temp in LA** be 68-69° on Mar 4, 2026?",finalized,Los Angeles,"Mar 4, 2026",between,68.0,69.0,71.24,6.54,openmeteo_archive,5.58,NO,NO,100.0,0.0,100.0,0.0,1.0,WIN
KXHIGHLAX-26MAR04-B66.5,"Will the **high temp in LA** be 66-67° on Mar 4, 2026?",finalized,Los Angeles,"Mar 4, 2026",between,66.0,67.0,71.24,6.54,openmeteo_archive,4.69,NO,NO,100.0,0.0,100.0,0.0,1.0,WIN
KXHIGHLAX-26MAR04-B64.5,"Will the **high temp in LA** be 64-65° on Mar 4, 2026?",finalized,Los Angeles,"Mar 4, 2026",between,64.0,65.0,71.24,6.54,openmeteo_archive,3.59,NO,YES,100.0,0.0,100.0,0.0,99.0,LOSS
KXHIGHLAX-26MAR03-T74,"Will the **high temp in LA** be >74° on Mar 3, 2026?",finalized,Los Angeles,"Mar 3, 2026",greater_than,74.0,,73.04,6.72,openmeteo_archive,44.32,NO,NO,100.0,0.0,100.0,0.0,1.0,WIN
KXHIGHLAX-26MAR03-T67,"Will the **high temp in LA** be <67° on Mar 3, 2026?",finalized,Los Angeles,"Mar 3, 2026",less_than,,67.0,73.04,6.72,openmeteo_archive,18.44,NO,NO,100.0,0.0,100.0,0.0,1.0,WIN
KXHIGHLAX-26MAR03-B73.5,"Will the **high temp in LA** be 73-74° on Mar 3, 2026?",finalized,Los Angeles,"Mar 3, 2026",between,73.0,74.0,73.04,6.72,openmeteo_archive,5.92,NO,NO,100.0,0.0,100.0,0.0,1.0,WIN
KXHIGHLAX-26MAR03-B71.5,"Will the **high temp in LA** be 71-72° on Mar 3, 2026?",finalized,Los Angeles,"Mar 3, 2026",between,71.0,72.0,73.04,6.72,openmeteo_archive,5.78,NO,NO,100.0,0.0,100.0,0.0,1.0,WIN
KXHIGHLAX-26MAR03-B69.5,"Will the **high temp in LA** be 69-70° on Mar 3, 2026?",finalized,Los Angeles,"Mar 3, 2026",between,69.0,70.0,73.04,6.72,openmeteo_archive,5.16,NO,NO,100.0,0.0,100.0,0.0,1.0,WIN
KXHIGHLAX-26MAR03-B67.5,"Will the **high temp in LA** be 67-68° on Mar 3, 2026?",finalized,Los Angeles,"Mar 3, 2026",between,67.0,68.0,73.04,6.72,openmeteo_archive,4.23,NO,YES,100.0,0.0,100.0,0.0,99.0,LOSS
KXHIGHLAX-26MAR02-T73,"Will the **high temp in LA** be >73° on Mar 2, 2026?",finalized,Los Angeles,"Mar 2, 2026",greater_than,73.0,,74.12,6.18,openmeteo_archive,57.19,YES,NO,100.0,0.0,100.0,0.0,1.0,LOSS
KXHIGHLAX-26MAR02-T66,"Will the **high temp in LA** be <66° on Mar 2, 2026?",finalized,Los Angeles,"Mar 2, 2026",less_than,,66.0,74.12,6.18,openmeteo_archive,9.44,NO,YES,100.0,0.0,100.0,0.0,99.0,LOSS
KXHIGHLAX-26MAR02-B72.5,"Will the **high temp in LA** be 72-73° on Mar 2, 2026?",finalized,Los Angeles,"Mar 2, 2026",between,72.0,73.0,74.12,6.18,openmeteo_archive,6.23,NO,NO,100.0,0.0,100.0,0.0,1.0,WIN
KXHIGHLAX-26MAR02-B70.5,"Will the **high temp in LA** be 70-71° on Mar 2, 2026?",finalized,Los Angeles,"Mar 2, 2026",between,70.0,71.0,74.12,6.18,openmeteo_archive,5.43,NO,NO,100.0,0.0,100.0,0.0,1.0,WIN
KXHIGHLAX-26MAR02-B68.5,"Will the **high temp in LA** be 68-69° on Mar 2, 2026?",finalized,Los Angeles,"Mar 2, 2026",between,68.0,69.0,74.12,6.18,openmeteo_archive,4.27,NO,NO,100.0,0.0,100.0,0.0,1.0,WIN
KXHIGHLAX-26MAR02-B66.5,"Will the **high temp in LA** be 66-67° on Mar 2, 2026?",finalized,Los Angeles,"Mar 2, 2026",between,66.0,67.0,74.12,6.18,openmeteo_archive,3.02,NO,NO,100.0,0.0,100.0,0.0,1.0,WIN
KXHIGHLAX-26MAR01-T78,"Will the **high temp in LA** be >78° on Mar 1, 2026?",finalized,Los Angeles,"Mar 1, 2026",greater_than,78.0,,83.12,8.04,openmeteo_archive,73.79,YES,NO,100.0,0.0,100.0,0.0,1.0,LOSS
KXHIGHLAX-26MAR01-T71,"Will the **high temp in LA** be <71° on Mar 1, 2026?",finalized,Los Angeles,"Mar 1, 2026",less_than,,71.0,83.12,8.04,openmeteo_archive,6.58,NO,NO,100.0,0.0,100.0,0.0,1.0,WIN
KXHIGHLAX-26MAR01-B77.5,"Will the **high temp in LA** be 77-78° on Mar 1, 2026?",finalized,Los Angeles,"Mar 1, 2026",between,77.0,78.0,83.12,8.04,openmeteo_archive,3.89,NO,YES,100.0,0.0,100.0,0.0,99.0,LOSS
KXHIGHLAX-26MAR01-B75.5,"Will the **high temp in LA** be 75-76° on Mar 1, 2026?",finalized,Los Angeles,"Mar 1, 2026",between,75.0,76.0,83.12,8.04,openmeteo_archive,3.17,NO,NO,100.0,0.0,100.0,0.0,1.0,WIN
KXHIGHLAX-26MAR01-B73.5,"Will the **high temp in LA** be 73-74° on Mar 1, 2026?",finalized,Los Angeles,"Mar 1, 2026",between,73.0,74.0,83.12,8.04,openmeteo_archive,2.43,NO,NO,100.0,0.0,100.0,0.0,1.0,WIN
KXHIGHLAX-26MAR01-B71.5,"Will the **high temp in LA** be 71-72° on Mar 1, 2026?",finalized,Los Angeles,"Mar 1, 2026",between,71.0,72.0,83.12,8.04,openmeteo_archive,1.75,NO,NO,100.0,0.0,100.0,0.0,1.0,WIN
KXHIGHLAX-26FEB28-T80,"Will the **high temp in LA** be >80° on Feb 28, 2026?",finalized,Los Angeles,"Feb 28, 2026",greater_than,80.0,,86.0,8.4,openmeteo_archive,76.25,YES,NO,100.0,0.0,100.0,0.0,1.0,LOSS
KXHIGHLAX-26FEB28-T73,"Will the **high temp in LA** be <73° on Feb 28, 2026?",finalized,Los Angeles,"Feb 28, 2026",less_than,,73.0,86.0,8.4,openmeteo_archive,6.09,NO,NO,100.0,0.0,100.0,0.0,1.0,WIN
KXHIGHLAX-26FEB28-B79.5,"Will the **high temp in LA** be 79-80° on Feb 28, 2026?",finalized,Los Angeles,"Feb 28, 2026",between,79.0,80.0,86.0,8.4,openmeteo_archive,3.52,NO,YES,100.0,0.0,100.0,0.0,99.0,LOSS
KXHIGHLAX-26FEB28-B77.5,"Will the **high temp in LA** be 77-78° on Feb 28, 2026?",finalized,Los Angeles,"Feb 28, 2026",between,77.0,78.0,86.0,8.4,openmeteo_archive,2.85,NO,NO,100.0,0.0,100.0,0.0,1.0,WIN
KXHIGHLAX-26FEB28-B75.5,"Will the **high temp in LA** be 75-76° on Feb 28, 2026?",finalized,Los Angeles,"Feb 28, 2026",between,75.0,76.0,86.0,8.4,openmeteo_archive,2.18,NO,NO,100.0,0.0,100.0,0.0,1.0,WIN
KXHIGHLAX-26FEB28-B73.5,"Will the **high temp in LA** be 73-74° on Feb 28, 2026?",finalized,Los Angeles,"Feb 28, 2026",between,73.0,74.0,86.0,8.4,openmeteo_archive,1.57,NO,NO,100.0,0.0,100.0,0.0,1.0,WIN
KXHIGHLAX-26FEB27-T83,"Will the **high temp in LA** be >83° on Feb 27, 2026?",finalized,Los Angeles,"Feb 27, 2026",greater_than,83.0,,86.72,10.68,openmeteo_archive,63.62,YES,YES,100.0,0.0,100.0,0.0,99.0,WIN
KXHIGHLAX-26FEB27-T76,"Will the **high temp in LA** be <76° on Feb 27, 2026?",finalized,Los Angeles,"Feb 27, 2026",less_than,,76.0,86.72,10.68,openmeteo_archive,15.78,NO,NO,100.0,0.0,100.0,0.0,1.0,WIN
KXHIGHLAX-26FEB27-B82.5,"Will the **high temp in LA** be 82-83° on Feb 27, 2026?",finalized,Los Angeles,"Feb 27, 2026",between,82.0,83.0,86.72,10.68,openmeteo_archive,3.45,NO,NO,100.0,0.0,100.0,0.0,1.0,WIN
KXHIGHLAX-26FEB27-B80.5,"Will the **high temp in LA** be 80-81° on Feb 27, 2026?",finalized,Los Angeles,"Feb 27, 2026",between,80.0,81.0,86.72,10.68,openmeteo_archive,3.15,NO,NO,100.0,0.0,100.0,0.0,1.0,WIN
KXHIGHLAX-26FEB27-B78.5,"Will the **high temp in LA** be 78-79° on Feb 27, 2026?",finalized,Los Angeles,"Feb 27, 2026",between,78.0,79.0,86.72,10.68,openmeteo_archive,2.78,NO,NO,100.0,0.0,100.0,0.0,1.0,WIN
KXHIGHLAX-26FEB27-B76.5,"Will the **high temp in LA** be 76-77° on Feb 27, 2026?",finalized,Los Angeles,"Feb 27, 2026",between,76.0,77.0,86.72,10.68,openmeteo_archive,2.36,NO,NO,100.0,0.0,100.0,0.0,1.0,WIN
KXHIGHLAX-26FEB26-T83,"Will the **high temp in LA** be >83° on Feb 26, 2026?",finalized,Los Angeles,"Feb 26, 2026",greater_than,83.0,,82.22,9.48,openmeteo_archive,46.72,,NO,100.0,0.0,100.0,0.0,1.0,NO_SIGNAL
KXHIGHLAX-26FEB26-T76,"Will the **high temp in LA** be <76° on Feb 26, 2026?",finalized,Los Angeles,"Feb 26, 2026",less_than,,76.0,82.22,9.48,openmeteo_archive,25.59,NO,YES,100.0,0.0,100.0,0.0,99.0,LOSS
KXHIGHLAX-26FEB26-B82.5,"Will the **high temp in LA** be 82-83° on Feb 26, 2026?",finalized,Los Angeles,"Feb 26, 2026",between,82.0,83.0,82.22,9.48,openmeteo_archive,4.2,NO,NO,100.0,0.0,100.0,0.0,1.0,WIN
KXHIGHLAX-26FEB26-B80.5,"Will the **high temp in LA** be 80-81° on Feb 26, 2026?",finalized,Los Angeles,"Feb 26, 2026",between,80.0,81.0,82.22,9.48,openmeteo_archive,4.14,NO,NO,100.0,0.0,100.0,0.0,1.0,WIN
KXHIGHLAX-26FEB26-B78.5,"Will the **high temp in LA** be 78-79° on Feb 26, 2026?",finalized,Los Angeles,"Feb 26, 2026",between,78.0,79.0,82.22,9.48,openmeteo_archive,3.89,NO,NO,100.0,0.0,100.0,0.0,1.0,WIN
KXHIGHLAX-26FEB26-B76.5,"Will the **high temp in LA** be 76-77° on Feb 26, 2026?",finalized,Los Angeles,"Feb 26, 2026",between,76.0,77.0,82.22,9.48,openmeteo_archive,3.51,NO,NO,100.0,0.0,100.0,0.0,1.0,WIN
KXHIGHLAX-26FEB25-T80,"Will the **high temp in LA** be >80° on Feb 25, 2026?",finalized,Los Angeles,"Feb 25, 2026",greater_than,80.0,,76.1,7.14,openmeteo_archive,29.25,NO,NO,100.0,0.0,100.0,0.0,1.0,WIN
KXHIGHLAX-26FEB25-T73,"Will the **high temp in LA** be <73° on Feb 25, 2026?",finalized,Los Angeles,"Feb 25, 2026",less_than,,73.0,76.1,7.14,openmeteo_archive,33.21,NO,YES,100.0,0.0,100.0,0.0,99.0,LOSS
KXHIGHLAX-26FEB25-B79.5,"Will the **high temp in LA** be 79-80° on Feb 25, 2026?",finalized,Los Angeles,"Feb 25, 2026",between,79.0,80.0,76.1,7.14,openmeteo_archive,4.99,NO,NO,100.0,0.0,100.0,0.0,1.0,WIN
KXHIGHLAX-26FEB25-B77.5,"Will the **high temp in LA** be 77-78° on Feb 25, 2026?",finalized,Los Angeles,"Feb 25, 2026",between,77.0,78.0,76.1,7.14,openmeteo_archive,5.48,NO,NO,100.0,0.0,100.0,0.0,1.0,WIN
KXHIGHLAX-26FEB25-B75.5,"Will the **high temp in LA** be 75-76° on Feb 25, 2026?",finalized,Los Angeles,"Feb 25, 2026",between,75.0,76.0,76.1,7.14,openmeteo_archive,5.56,NO,NO,100.0,0.0,100.0,0.0,1.0,WIN
KXHIGHLAX-26FEB25-B73.5,"Will the **high temp in LA** be 73-74° on Feb 25, 2026?",finalized,Los Angeles,"Feb 25, 2026",between,73.0,74.0,76.1,7.14,openmeteo_archive,5.23,NO,NO,100.0,0.0,100.0,0.0,1.0,WIN
KXHIGHLAX-26FEB24-T76,"Will the **high temp in LA** be >76° on Feb 24, 2026?",finalized,Los Angeles,"Feb 24, 2026",greater_than,76.0,,75.92,6.84,openmeteo_archive,49.53,,NO,100.0,0.0,100.0,0.0,1.0,NO_SIGNAL
KXHIGHLAX-26FEB24-T69,"Will the **high temp in LA** be <69° on Feb 24, 2026?",finalized,Los Angeles,"Feb 24, 2026",less_than,,69.0,75.92,6.84,openmeteo_archive,15.58,NO,NO,100.0,0.0,100.0,0.0,1.0,WIN
KXHIGHLAX-26FEB24-B75.5,"Will the **high temp in LA** be 75-76° on Feb 24, 2026?",finalized,Los Angeles,"Feb 24, 2026",between,75.0,76.0,75.92,6.84,openmeteo_archive,5.82,NO,YES,100.0,0.0,100.0,0.0,99.0,LOSS
KXHIGHLAX-26FEB24-B73.5,"Will the **high temp in LA** be 73-74° on Feb 24, 2026?",finalized,Los Angeles,"Feb 24, 2026",between,73.0,74.0,75.92,6.84,openmeteo_archive,5.47,NO,NO,100.0,0.0,100.0,0.0,1.0,WIN
KXHIGHLAX-26FEB24-B71.5,"Will the **high temp in LA** be 71-72° on Feb 24, 2026?",finalized,Los Angeles,"Feb 24, 2026",between,71.0,72.0,75.92,6.84,openmeteo_archive,4.73,NO,NO,100.0,0.0,100.0,0.0,1.0,WIN
KXHIGHLAX-26FEB24-B69.5,"Will the **high temp in LA** be 69-70° on Feb 24, 2026?",finalized,Los Angeles,"Feb 24, 2026",between,69.0,70.0,75.92,6.84,openmeteo_archive,3.75,NO,NO,100.0,0.0,100.0,0.0,1.0,WIN
KXHIGHLAX-26FEB23-T78,"Will the **high temp in LA** be >78° on Feb 23, 2026?",finalized,Los Angeles,"Feb 23, 2026",greater_than,78.0,,77.18,10.92,openmeteo_archive,47.01,,NO,100.0,0.0,100.0,0.0,1.0,NO_SIGNAL
KXHIGHLAX-26FEB23-T71,"Will the **high temp in LA** be <71° on Feb 23, 2026?",finalized,Los Angeles,"Feb 23, 2026",less_than,,71.0,77.18,10.92,openmeteo_archive,28.57,NO,NO,100.0,0.0,100.0,0.0,1.0,WIN
KXHIGHLAX-26FEB23-B77.5,"Will the **high temp in LA** be 77-78° on Feb 23, 2026?",finalized,Los Angeles,"Feb 23, 2026",between,77.0,78.0,77.18,10.92,openmeteo_archive,3.65,NO,NO,100.0,0.0,100.0,0.0,1.0,WIN
KXHIGHLAX-26FEB23-B75.5,"Will the **high temp in LA** be 75-76° on Feb 23, 2026?",finalized,Los Angeles,"Feb 23, 2026",between,75.0,76.0,77.18,10.92,openmeteo_archive,3.61,NO,NO,100.0,0.0,100.0,0.0,1.0,WIN
KXHIGHLAX-26FEB23-B73.5,"Will the **high temp in LA** be 73-74° on Feb 23, 2026?",finalized,Los Angeles,"Feb 23, 2026",between,73.0,74.0,77.18,10.92,openmeteo_archive,3.45,NO,YES,100.0,0.0,100.0,0.0,98.0,LOSS
KXHIGHLAX-26FEB23-B71.5,"Will the **high temp in LA** be 71-72° on Feb 23, 2026?",finalized,Los Angeles,"Feb 23, 2026",between,71.0,72.0,77.18,10.92,openmeteo_archive,3.19,NO,NO,100.0,0.0,100.0,0.0,1.0,WIN
KXHIGHLAX-26FEB22-T74,"Will the **high temp in LA** be >74° on Feb 22, 2026?",finalized,Los Angeles,"Feb 22, 2026",greater_than,74.0,,71.42,9.72,openmeteo_archive,39.53,NO,NO,100.0,0.0,100.0,0.0,1.0,WIN
KXHIGHLAX-26FEB22-T67,"Will the **high temp in LA** be <67° on Feb 22, 2026?",finalized,Los Angeles,"Feb 22, 2026",less_than,,67.0,71.42,9.72,openmeteo_archive,32.47,NO,NO,100.0,0.0,100.0,0.0,1.0,WIN
KXHIGHLAX-26FEB22-B73.5,"Will the **high temp in LA** be 73-74° on Feb 22, 2026?",finalized,Los Angeles,"Feb 22, 2026",between,73.0,74.0,71.42,9.72,openmeteo_archive,4.01,NO,NO,100.0,0.0,100.0,0.0,1.0,WIN
KXHIGHLAX-26FEB22-B71.5,"Will the **high temp in LA** be 71-72° on Feb 22, 2026?",finalized,Los Angeles,"Feb 22, 2026",between,71.0,72.0,71.42,9.72,openmeteo_archive,4.1,NO,NO,100.0,0.0,100.0,0.0,1.0,WIN
KXHIGHLAX-26FEB22-B69.5,"Will the **high temp in LA** be 69-70° on Feb 22, 2026?",finalized,Los Angeles,"Feb 22, 2026",between,69.0,70.0,71.42,9.72,openmeteo_archive,4.02,NO,YES,100.0,0.0,100.0,0.0,99.0,LOSS
KXHIGHLAX-26FEB22-B67.5,"Will the **high temp in LA** be 67-68° on Feb 22, 2026?",finalized,Los Angeles,"Feb 22, 2026",between,67.0,68.0,71.42,9.72,openmeteo_archive,3.78,NO,NO,100.0,0.0,100.0,0.0,1.0,WIN
KXHIGHLAX-26FEB21-T73,"Will the **high temp in LA** be >73° on Feb 21, 2026?",finalized,Los Angeles,"Feb 21, 2026",greater_than,73.0,,66.02,9.12,openmeteo_archive,22.2,NO,NO,100.0,0.0,100.0,0.0,1.0,WIN
KXHIGHLAX-26FEB21-T66,"Will the **high temp in LA** be <66° on Feb 21, 2026?",finalized,Los Angeles,"Feb 21, 2026",less_than,,66.0,66.02,9.12,openmeteo_archive,49.91,,NO,100.0,0.0,100.0,0.0,1.0,NO_SIGNAL
KXHIGHLAX-26FEB21-B72.5,"Will the **high temp in LA** be 72-73° on Feb 21, 2026?",finalized,Los Angeles,"Feb 21, 2026",between,72.0,73.0,66.02,9.12,openmeteo_archive,3.4,NO,NO,100.0,0.0,100.0,0.0,1.0,WIN
KXHIGHLAX-26FEB21-B70.5,"Will the **high temp in LA** be 70-71° on Feb 21, 2026?",finalized,Los Angeles,"Feb 21, 2026",between,70.0,71.0,66.02,9.12,openmeteo_archive,3.88,NO,NO,100.0,0.0,100.0,0.0,1.0,WIN
KXHIGHLAX-26FEB21-B68.5,"Will the **high temp in LA** be 68-69° on Feb 21, 2026?",finalized,Los Angeles,"Feb 21, 2026",between,68.0,69.0,66.02,9.12,openmeteo_archive,4.21,NO,YES,100.0,0.0,100.0,0.0,99.0,LOSS
KXHIGHLAX-26FEB21-B66.5,"Will the **high temp in LA** be 66-67° on Feb 21, 2026?",finalized,Los Angeles,"Feb 21, 2026",between,66.0,67.0,66.02,9.12,openmeteo_archive,4.37,NO,NO,100.0,0.0,100.0,0.0,1.0,WIN
KXHIGHLAX-26FEB20-T63,"Will the **high temp in LA** be >63° on Feb 20, 2026?",finalized,Los Angeles,"Feb 20, 2026",greater_than,63.0,,58.28,7.38,openmeteo_archive,26.12,NO,NO,100.0,0.0,100.0,0.0,4.0,WIN
KXHIGHLAX-26FEB20-T56,"Will the **high temp in LA** be <56° on Feb 20, 2026?",finalized,Los Angeles,"Feb 20, 2026",less_than,,56.0,58.28,7.38,openmeteo_archive,37.87,NO,NO,100.0,0.0,100.0,0.0,1.0,WIN
KXHIGHLAX-26FEB20-B62.5,"Will the **high temp in LA** be 62-63° on Feb 20, 2026?",finalized,Los Angeles,"Feb 20, 2026",between,62.0,63.0,58.28,7.38,openmeteo_archive,4.59,NO,NO,100.0,0.0,100.0,0.0,1.0,WIN
KXHIGHLAX-26FEB20-B60.5,"Will the **high temp in LA** be 60-61° on Feb 20, 2026?",finalized,Los Angeles,"Feb 20, 2026",between,60.0,61.0,58.28,7.38,openmeteo_archive,5.16,NO,NO,100.0,0.0,100.0,0.0,1.0,WIN
KXHIGHLAX-26FEB20-B58.5,"Will the **high temp in LA** be 58-59° on Feb 20, 2026?",finalized,Los Angeles,"Feb 20, 2026",between,58.0,59.0,58.28,7.38,openmeteo_archive,5.4,NO,YES,100.0,0.0,100.0,0.0,99.0,LOSS
KXHIGHLAX-26FEB20-B56.5,"Will the **high temp in LA** be 56-57° on Feb 20, 2026?",finalized,Los Angeles,"Feb 20, 2026",between,56.0,57.0,58.28,7.38,openmeteo_archive,5.25,NO,NO,100.0,0.0,100.0,0.0,1.0,WIN
KXHIGHLAX-26FEB19-T64,"Will the **high temp in LA** be >64° on Feb 19, 2026?",finalized,Los Angeles,"Feb 19, 2026",greater_than,64.0,,55.76,4.02,openmeteo_archive,2.02,NO,NO,100.0,0.0,100.0,0.0,1.0,WIN
KXHIGHLAX-26FEB19-T57,"Will the **high temp in LA** be <57° on Feb 19, 2026?",finalized,Los Angeles,"Feb 19, 2026",less_than,,57.0,55.76,4.02,openmeteo_archive,62.11,YES,NO,100.0,0.0,100.0,0.0,1.0,LOSS
KXHIGHLAX-26FEB19-B63.5,"Will the **high temp in LA** be 63-64° on Feb 19, 2026?",finalized,Los Angeles,"Feb 19, 2026",between,63.0,64.0,55.76,4.02,openmeteo_archive,1.57,NO,NO,100.0,0.0,100.0,0.0,1.0,WIN
KXHIGHLAX-26FEB19-B61.5,"Will the **high temp in LA** be 61-62° on Feb 19, 2026?",finalized,Los Angeles,"Feb 19, 2026",between,61.0,62.0,55.76,4.02,openmeteo_archive,3.59,NO,NO,100.0,0.0,100.0,0.0,1.0,WIN
KXHIGHLAX-26FEB19-B59.5,"Will the **high temp in LA** be 59-60° on Feb 19, 2026?",finalized,Los Angeles,"Feb 19, 2026",between,59.0,60.0,55.76,4.02,openmeteo_archive,6.44,NO,NO,100.0,0.0,100.0,0.0,1.0,WIN
KXHIGHLAX-26FEB19-B57.5,"Will the **high temp in LA** be 57-58° on Feb 19, 2026?",finalized,Los Angeles,"Feb 19, 2026",between,57.0,58.0,55.76,4.02,openmeteo_archive,9.02,NO,YES,100.0,0.0,100.0,0.0,99.0,LOSS
KXHIGHLAX-26FEB18-T62,"Will the **high temp in LA** be >62° on Feb 18, 2026?",finalized,Los Angeles,"Feb 18, 2026",greater_than,62.0,,58.46,3.48,openmeteo_archive,15.45,NO,NO,100.0,0.0,100.0,0.0,1.0,WIN
KXHIGHLAX-26FEB18-T55,"Will the **high temp in LA** be <55° on Feb 18, 2026?",finalized,Los Angeles,"Feb 18, 2026",less_than,,55.0,58.46,3.48,openmeteo_archive,16.0,NO,NO,100.0,0.0,100.0,0.0,1.0,WIN
KXHIGHLAX-26FEB18-B61.5,"Will the **high temp in LA** be 61-62° on Feb 18, 2026?",finalized,Los Angeles,"Feb 18, 2026",between,61.0,62.0,58.46,3.48,openmeteo_archive,7.82,NO,NO,100.0,0.0,100.0,0.0,1.0,WIN
KXHIGHLAX-26FEB18-B59.5,"Will the **high temp in LA** be 59-60° on Feb 18, 2026?",finalized,Los Angeles,"Feb 18, 2026",between,59.0,60.0,58.46,3.48,openmeteo_archive,10.93,NO,NO,100.0,0.0,100.0,0.0,2.0,WIN
KXHIGHLAX-26FEB18-B57.5,"Will the **high temp in LA** be 57-58° on Feb 18, 2026?",finalized,Los Angeles,"Feb 18, 2026",between,57.0,58.0,58.46,3.48,openmeteo_archive,11.0,NO,YES,100.0,0.0,100.0,0.0,98.0,LOSS
KXHIGHLAX-26FEB18-B55.5,"Will the **high temp in LA** be 55-56° on Feb 18, 2026?",finalized,Los Angeles,"Feb 18, 2026",between,55.0,56.0,58.46,3.48,openmeteo_archive,7.98,NO,NO,100.0,0.0,100.0,0.0,1.0,WIN
KXHIGHLAX-26FEB17-T66,"Will the **high temp in LA** be >66° on Feb 17, 2026?",finalized,Los Angeles,"Feb 17, 2026",greater_than,66.0,,59.0,3.96,openmeteo_archive,3.86,NO,NO,100.0,0.0,100.0,0.0,1.0,WIN
KXHIGHLAX-26FEB17-T59,"Will the **high temp in LA** be <59° on Feb 17, 2026?",finalized,Los Angeles,"Feb 17, 2026",less_than,,59.0,59.0,3.96,openmeteo_archive,50.0,,NO,100.0,0.0,100.0,0.0,1.0,NO_SIGNAL
KXHIGHLAX-26FEB17-B65.5,"Will the **high temp in LA** be 65-66° on Feb 17, 2026?",finalized,Los Angeles,"Feb 17, 2026",between,65.0,66.0,59.0,3.96,openmeteo_archive,2.63,NO,NO,100.0,0.0,100.0,0.0,1.0,WIN
KXHIGHLAX-26FEB17-B63.5,"Will the **high temp in LA** be 63-64° on Feb 17, 2026?",finalized,Los Angeles,"Feb 17, 2026",between,63.0,64.0,59.0,3.96,openmeteo_archive,5.29,NO,NO,100.0,0.0,100.0,0.0,1.0,WIN
KXHIGHLAX-26FEB17-B61.5,"Will the **high temp in LA** be 61-62° on Feb 17, 2026?",finalized,Los Angeles,"Feb 17, 2026",between,61.0,62.0,59.0,3.96,openmeteo_archive,8.24,NO,NO,100.0,0.0,100.0,0.0,3.0,WIN
KXHIGHLAX-26FEB17-B59.5,"Will the **high temp in LA** be 59-60° on Feb 17, 2026?",finalized,Los Angeles,"Feb 17, 2026",between,59.0,60.0,59.0,3.96,openmeteo_archive,9.97,NO,YES,100.0,0.0,100.0,0.0,99.0,LOSS
KXHIGHLAX-26FEB16-T65,"Will the **high temp in LA** be >65° on Feb 16, 2026?",finalized,Los Angeles,"Feb 16, 2026",greater_than,65.0,,55.04,2.28,openmeteo_archive,0.0,NO,NO,100.0,0.0,100.0,0.0,1.0,WIN
KXHIGHLAX-26FEB16-T58,"Will the **high temp in LA** be <58° on Feb 16, 2026?",finalized,Los Angeles,"Feb 16, 2026",less_than,,58.0,55.04,2.28,openmeteo_archive,90.29,YES,NO,100.0,0.0,100.0,0.0,1.0,LOSS
KXHIGHLAX-26FEB16-B64.5,"Will the **high temp in LA** be 64-65° on Feb 16, 2026?",finalized,Los Angeles,"Feb 16, 2026",between,64.0,65.0,55.04,2.28,openmeteo_archive,0.0,NO,NO,100.0,0.0,100.0,0.0,1.0,WIN
KXHIGHLAX-26FEB16-B62.5,"Will the **high temp in LA** be 62-63° on Feb 16, 2026?",finalized,Los Angeles,"Feb 16, 2026",between,62.0,63.0,55.04,2.28,openmeteo_archive,0.09,NO,NO,100.0,0.0,100.0,0.0,3.0,WIN
KXHIGHLAX-26FEB16-B60.5,"Will the **high temp in LA** be 60-61° on Feb 16, 2026?",finalized,Los Angeles,"Feb 16, 2026",between,60.0,61.0,55.04,2.28,openmeteo_archive,1.03,NO,NO,100.0,0.0,100.0,0.0,3.0,WIN
KXHIGHLAX-26FEB16-B58.5,"Will the **high temp in LA** be 58-59° on Feb 16, 2026?",finalized,Los Angeles,"Feb 16, 2026",between,58.0,59.0,55.04,2.28,openmeteo_archive,5.59,NO,YES,100.0,0.0,100.0,0.0,98.0,LOSS
KXHIGHLAX-26FEB15-T69,"Will the **high temp in LA** be >69° on Feb 15, 2026?",finalized,Los Angeles,"Feb 15, 2026",greater_than,69.0,,63.5,4.14,openmeteo_archive,9.2,NO,NO,100.0,0.0,100.0,0.0,1.0,WIN
KXHIGHLAX-26FEB15-T62,"Will the **high temp in LA** be <62° on Feb 15, 2026?",finalized,Los Angeles,"Feb 15, 2026",less_than,,62.0,63.5,4.14,openmeteo_archive,35.86,NO,NO,100.0,0.0,100.0,0.0,1.0,WIN
KXHIGHLAX-26FEB15-B68.5,"Will the **high temp in LA** be 68-69° on Feb 15, 2026?",finalized,Los Angeles,"Feb 15, 2026",between,68.0,69.0,63.5,4.14,openmeteo_archive,4.65,NO,NO,100.0,0.0,100.0,0.0,1.0,WIN
KXHIGHLAX-26FEB15-B66.5,"Will the **high temp in LA** be 66-67° on Feb 15, 2026?",finalized,Los Angeles,"Feb 15, 2026",between,66.0,67.0,63.5,4.14,openmeteo_archive,7.4,NO,NO,100.0,0.0,100.0,0.0,1.0,WIN
KXHIGHLAX-26FEB15-B64.5,"Will the **high temp in LA** be 64-65° on Feb 15, 2026?",finalized,Los Angeles,"Feb 15, 2026",between,64.0,65.0,63.5,4.14,openmeteo_archive,9.34,NO,NO,100.0,0.0,100.0,0.0,1.0,WIN
KXHIGHLAX-26FEB15-B62.5,"Will the **high temp in LA** be 62-63° on Feb 15, 2026?",finalized,Los Angeles,"Feb 15, 2026",between,62.0,63.0,63.5,4.14,openmeteo_archive,9.34,NO,YES,100.0,0.0,100.0,0.0,99.0,LOSS
KXHIGHLAX-26FEB14-T69,"Will the **high temp in LA** be >69° on Feb 14, 2026?",finalized,Los Angeles,"Feb 14, 2026",greater_than,69.0,,66.2,5.46,openmeteo_archive,30.4,NO,NO,100.0,0.0,100.0,0.0,1.0,WIN
KXHIGHLAX-26FEB14-T62,"Will the **high temp in LA** be <62° on Feb 14, 2026?",finalized,Los Angeles,"Feb 14, 2026",less_than,,62.0,66.2,5.46,openmeteo_archive,22.09,NO,NO,100.0,0.0,100.0,0.0,1.0,WIN
KXHIGHLAX-26FEB14-B68.5,"Will the **high temp in LA** be 68-69° on Feb 14, 2026?",finalized,Los Angeles,"Feb 14, 2026",between,68.0,69.0,66.2,5.46,openmeteo_archive,6.68,NO,YES,100.0,0.0,100.0,0.0,99.0,LOSS
KXHIGHLAX-26FEB14-B66.5,"Will the **high temp in LA** be 66-67° on Feb 14, 2026?",finalized,Los Angeles,"Feb 14, 2026",between,66.0,67.0,66.2,5.46,openmeteo_archive,7.29,NO,NO,100.0,0.0,100.0,0.0,1.0,WIN
KXHIGHLAX-26FEB14-B64.5,"Will the **high temp in LA** be 64-65° on Feb 14, 2026?",finalized,Los Angeles,"Feb 14, 2026",between,64.0,65.0,66.2,5.46,openmeteo_archive,6.95,NO,NO,100.0,0.0,100.0,0.0,1.0,WIN
KXHIGHLAX-26FEB14-B62.5,"Will the **high temp in LA** be 62-63° on Feb 14, 2026?",finalized,Los Angeles,"Feb 14, 2026",between,62.0,63.0,66.2,5.46,openmeteo_archive,5.8,NO,NO,100.0,0.0,100.0,0.0,1.0,WIN
KXHIGHLAX-26FEB13-T73,"Will the **high temp in LA** be >73° on Feb 13, 2026?",finalized,Los Angeles,"Feb 13, 2026",greater_than,73.0,,68.72,8.52,openmeteo_archive,30.77,NO,NO,100.0,0.0,100.0,0.0,1.0,WIN
KXHIGHLAX-26FEB13-T66,"Will the **high temp in LA** be <66° on Feb 13, 2026?",finalized,Los Angeles,"Feb 13, 2026",less_than,,66.0,68.72,8.52,openmeteo_archive,37.48,NO,NO,100.0,0.0,100.0,0.0,1.0,WIN
KXHIGHLAX-26FEB13-B72.5,"Will the **high temp in LA** be 72-73° on Feb 13, 2026?",finalized,Los Angeles,"Feb 13, 2026",between,72.0,73.0,68.72,8.52,openmeteo_archive,4.24,NO,NO,100.0,0.0,100.0,0.0,1.0,WIN
KXHIGHLAX-26FEB13-B70.5,"Will the **high temp in LA** be 70-71° on Feb 13, 2026?",finalized,Los Angeles,"Feb 13, 2026",between,70.0,71.0,68.72,8.52,openmeteo_archive,4.58,NO,NO,100.0,0.0,100.0,0.0,1.0,WIN
KXHIGHLAX-26FEB13-B68.5,"Will the **high temp in LA** be 68-69° on Feb 13, 2026?",finalized,Los Angeles,"Feb 13, 2026",between,68.0,69.0,68.72,8.52,openmeteo_archive,4.68,NO,YES,100.0,0.0,100.0,0.0,99.0,LOSS
KXHIGHLAX-26FEB13-B66.5,"Will the **high temp in LA** be 66-67° on Feb 13, 2026?",finalized,Los Angeles,"Feb 13, 2026",between,66.0,67.0,68.72,8.52,openmeteo_archive,4.52,NO,NO,100.0,0.0,100.0,0.0,1.0,WIN
KXHIGHLAX-26FEB12-T71,"Will the **high temp in LA** be >71° on Feb 12, 2026?",finalized,Los Angeles,"Feb 12, 2026",greater_than,71.0,,65.84,6.0,openmeteo_archive,19.49,NO,NO,100.0,0.0,100.0,0.0,1.0,WIN
KXHIGHLAX-26FEB12-T64,"Will the **high temp in LA** be <64° on Feb 12, 2026?",finalized,Los Angeles,"Feb 12, 2026",less_than,,64.0,65.84,6.0,openmeteo_archive,37.95,NO,NO,100.0,0.0,100.0,0.0,1.0,WIN
KXHIGHLAX-26FEB12-B70.5,"Will the **high temp in LA** be 70-71° on Feb 12, 2026?",finalized,Los Angeles,"Feb 12, 2026",between,70.0,71.0,65.84,6.0,openmeteo_archive,4.92,NO,NO,100.0,0.0,100.0,0.0,1.0,WIN
KXHIGHLAX-26FEB12-B68.5,"Will the **high temp in LA** be 68-69° on Feb 12, 2026?",finalized,Los Angeles,"Feb 12, 2026",between,68.0,69.0,65.84,6.0,openmeteo_archive,6.02,NO,NO,100.0,0.0,100.0,0.0,1.0,WIN
KXHIGHLAX-26FEB12-B66.5,"Will the **high temp in LA** be 66-67° on Feb 12, 2026?",finalized,Los Angeles,"Feb 12, 2026",between,66.0,67.0,65.84,6.0,openmeteo_archive,6.6,NO,NO,100.0,0.0,100.0,0.0,1.0,WIN
KXHIGHLAX-26FEB12-B64.5,"Will the **high temp in LA** be 64-65° on Feb 12, 2026?",finalized,Los Angeles,"Feb 12, 2026",between,64.0,65.0,65.84,6.0,openmeteo_archive,6.48,NO,YES,100.0,0.0,100.0,0.0,99.0,LOSS
KXHIGHLAX-26FEB11-T69,"Will the **high temp in LA** be >69° on Feb 11, 2026?",finalized,Los Angeles,"Feb 11, 2026",greater_than,69.0,,63.68,3.48,openmeteo_archive,6.32,NO,NO,1.0,0.0,100.0,99.0,1.0,WIN
KXHIGHLAX-26FEB11-T62,"Will the **high temp in LA** be <62° on Feb 11, 2026?",finalized,Los Angeles,"Feb 11, 2026",less_than,,62.0,63.68,3.48,openmeteo_archive,31.46,NO,NO,1.0,0.0,100.0,99.0,1.0,WIN
KXHIGHLAX-26FEB11-B68.5,"Will the **high temp in LA** be 68-69° on Feb 11, 2026?",finalized,Los Angeles,"Feb 11, 2026",between,68.0,69.0,63.68,3.48,openmeteo_archive,4.41,NO,NO,1.0,0.0,100.0,99.0,1.0,WIN
KXHIGHLAX-26FEB11-B66.5,"Will the **high temp in LA** be 66-67° on Feb 11, 2026?",finalized,Los Angeles,"Feb 11, 2026",between,66.0,67.0,63.68,3.48,openmeteo_archive,8.25,NO,NO,1.0,0.0,100.0,99.0,1.0,WIN
KXHIGHLAX-26FEB11-B64.5,"Will the **high temp in LA** be 64-65° on Feb 11, 2026?",finalized,Los Angeles,"Feb 11, 2026",between,64.0,65.0,63.68,3.48,openmeteo_archive,11.11,NO,YES,100.0,99.0,1.0,0.0,99.0,LOSS
KXHIGHLAX-26FEB11-B62.5,"Will the **high temp in LA** be 62-63° on Feb 11, 2026?",finalized,Los Angeles,"Feb 11, 2026",between,62.0,63.0,63.68,3.48,openmeteo_archive,10.79,NO,NO,1.0,0.0,100.0,99.0,1.0,WIN
KXHIGHLAX-26FEB10-T70,"Will the **high temp in LA** be >70° on Feb 10, 2026?",finalized,Los Angeles,"Feb 10, 2026",greater_than,70.0,,65.3,2.76,openmeteo_archive,4.43,NO,NO,1.0,0.0,100.0,99.0,1.0,WIN
KXHIGHLAX-26FEB10-T63,"Will the **high temp in LA** be <63° on Feb 10, 2026?",finalized,Los Angeles,"Feb 10, 2026",less_than,,63.0,65.3,2.76,openmeteo_archive,20.23,NO,NO,1.0,0.0,100.0,99.0,1.0,WIN
KXHIGHLAX-26FEB10-B69.5,"Will the **high temp in LA** be 69-70° on Feb 10, 2026?",finalized,Los Angeles,"Feb 10, 2026",between,69.0,70.0,65.3,2.76,openmeteo_archive,4.57,NO,NO,1.0,0.0,100.0,99.0,1.0,WIN
KXHIGHLAX-26FEB10-B67.5,"Will the **high temp in LA** be 67-68° on Feb 10, 2026?",finalized,Los Angeles,"Feb 10, 2026",between,67.0,68.0,65.3,2.76,openmeteo_archive,10.5,NO,NO,2.0,0.0,100.0,98.0,1.0,WIN
KXHIGHLAX-26FEB10-B65.5,"Will the **high temp in LA** be 65-66° on Feb 10, 2026?",finalized,Los Angeles,"Feb 10, 2026",between,65.0,66.0,65.3,2.76,openmeteo_archive,14.34,NO,YES,100.0,97.0,3.0,0.0,97.0,LOSS
KXHIGHLAX-26FEB10-B63.5,"Will the **high temp in LA** be 63-64° on Feb 10, 2026?",finalized,Los Angeles,"Feb 10, 2026",between,63.0,64.0,65.3,2.76,openmeteo_archive,11.65,NO,NO,1.0,0.0,100.0,99.0,1.0,WIN
KXHIGHLAX-26FEB09-T81,"Will the **high temp in LA** be >81° on Feb 9, 2026?",finalized,Los Angeles,"Feb 9, 2026",greater_than,81.0,,76.28,8.46,openmeteo_archive,28.84,NO,NO,1.0,0.0,100.0,99.0,1.0,WIN
KXHIGHLAX-26FEB09-T74,"Will the **high temp in LA** be <74° on Feb 9, 2026?",finalized,Los Angeles,"Feb 9, 2026",less_than,,74.0,76.28,8.46,openmeteo_archive,39.38,NO,NO,1.0,0.0,100.0,99.0,1.0,WIN
KXHIGHLAX-26FEB09-B80.5,"Will the **high temp in LA** be 80-81° on Feb 9, 2026?",finalized,Los Angeles,"Feb 9, 2026",between,80.0,81.0,76.28,8.46,openmeteo_archive,4.16,NO,NO,1.0,0.0,100.0,99.0,1.0,WIN
KXHIGHLAX-26FEB09-B78.5,"Will the **high temp in LA** be 78-79° on Feb 9, 2026?",finalized,Los Angeles,"Feb 9, 2026",between,78.0,79.0,76.28,8.46,openmeteo_archive,4.55,NO,NO,1.0,0.0,100.0,99.0,1.0,WIN
KXHIGHLAX-26FEB09-B76.5,"Will the **high temp in LA** be 76-77° on Feb 9, 2026?",finalized,Los Angeles,"Feb 9, 2026",between,76.0,77.0,76.28,8.46,openmeteo_archive,4.71,NO,YES,100.0,99.0,1.0,0.0,99.0,LOSS
KXHIGHLAX-26FEB09-B74.5,"Will the **high temp in LA** be 74-75° on Feb 9, 2026?",finalized,Los Angeles,"Feb 9, 2026",between,74.0,75.0,76.28,8.46,openmeteo_archive,4.61,NO,NO,1.0,0.0,100.0,99.0,1.0,WIN
KXHIGHLAX-26FEB08-T82,"Will the **high temp in LA** be >82° on Feb 8, 2026?",finalized,Los Angeles,"Feb 8, 2026",greater_than,82.0,,81.5,10.86,openmeteo_archive,48.16,,NO,100.0,0.0,100.0,0.0,1.0,NO_SIGNAL
KXHIGHLAX-26FEB08-T75,"Will the **high temp in LA** be <75° on Feb 8, 2026?",finalized,Los Angeles,"Feb 8, 2026",less_than,,75.0,81.5,10.86,openmeteo_archive,27.47,NO,NO,100.0,0.0,100.0,0.0,1.0,WIN
KXHIGHLAX-26FEB08-B81.5,"Will the **high temp in LA** be 81-82° on Feb 8, 2026?",finalized,Los Angeles,"Feb 8, 2026",between,81.0,82.0,81.5,10.86,openmeteo_archive,3.67,NO,YES,100.0,0.0,100.0,0.0,99.0,LOSS
KXHIGHLAX-26FEB08-B79.5,"Will the **high temp in LA** be 79-80° on Feb 8, 2026?",finalized,Los Angeles,"Feb 8, 2026",between,79.0,80.0,81.5,10.86,openmeteo_archive,3.61,NO,NO,100.0,0.0,100.0,0.0,1.0,WIN
KXHIGHLAX-26FEB08-B77.5,"Will the **high temp in LA** be 77-78° on Feb 8, 2026?",finalized,Los Angeles,"Feb 8, 2026",between,77.0,78.0,81.5,10.86,openmeteo_archive,3.43,NO,NO,100.0,0.0,100.0,0.0,1.0,WIN
KXHIGHLAX-26FEB08-B75.5,"Will the **high temp in LA** be 75-76° on Feb 8, 2026?",finalized,Los Angeles,"Feb 8, 2026",between,75.0,76.0,81.5,10.86,openmeteo_archive,3.15,NO,NO,100.0,0.0,100.0,0.0,1.0,WIN
KXHIGHLAX-26FEB07-T75,"Will the **high temp in LA** be >75° on Feb 7, 2026?",finalized,Los Angeles,"Feb 7, 2026",greater_than,75.0,,74.3,8.64,openmeteo_archive,46.77,,NO,100.0,0.0,100.0,0.0,1.0,NO_SIGNAL
KXHIGHLAX-26FEB07-T68,"Will the **high temp in LA** be <68° on Feb 7, 2026?",finalized,Los Angeles,"Feb 7, 2026",less_than,,68.0,74.3,8.64,openmeteo_archive,23.29,NO,NO,100.0,0.0,100.0,0.0,1.0,WIN
KXHIGHLAX-26FEB07-B74.5,"Will the **high temp in LA** be 74-75° on Feb 7, 2026?",finalized,Los Angeles,"Feb 7, 2026",between,74.0,75.0,74.3,8.64,openmeteo_archive,4.61,NO,NO,100.0,0.0,100.0,0.0,1.0,WIN
KXHIGHLAX-26FEB07-B72.5,"Will the **high temp in LA** be 72-73° on Feb 7, 2026?",finalized,Los Angeles,"Feb 7, 2026",between,72.0,73.0,74.3,8.64,openmeteo_archive,4.52,NO,NO,100.0,0.0,100.0,0.0,1.0,WIN
KXHIGHLAX-26FEB07-B70.5,"Will the **high temp in LA** be 70-71° on Feb 7, 2026?",finalized,Los Angeles,"Feb 7, 2026",between,70.0,71.0,74.3,8.64,openmeteo_archive,4.19,NO,YES,100.0,0.0,100.0,0.0,99.0,LOSS
KXHIGHLAX-26FEB07-B68.5,"Will the **high temp in LA** be 68-69° on Feb 7, 2026?",finalized,Los Angeles,"Feb 7, 2026",between,68.0,69.0,74.3,8.64,openmeteo_archive,3.68,NO,NO,100.0,0.0,100.0,0.0,1.0,WIN
KXHIGHLAX-26FEB06-T74,"Will the **high temp in LA** be >74° on Feb 6, 2026?",finalized,Los Angeles,"Feb 6, 2026",greater_than,74.0,,69.98,4.38,openmeteo_archive,17.94,NO,NO,100.0,0.0,100.0,0.0,1.0,WIN
KXHIGHLAX-26FEB06-T67,"Will the **high temp in LA** be <67° on Feb 6, 2026?",finalized,Los Angeles,"Feb 6, 2026",less_than,,67.0,69.98,4.38,openmeteo_archive,24.81,NO,NO,100.0,0.0,100.0,0.0,1.0,WIN
KXHIGHLAX-26FEB06-B73.5,"Will the **high temp in LA** be 73-74° on Feb 6, 2026?",finalized,Los Angeles,"Feb 6, 2026",between,73.0,74.0,69.98,4.38,openmeteo_archive,6.59,NO,NO,100.0,0.0,100.0,0.0,1.0,WIN
KXHIGHLAX-26FEB06-B71.5,"Will the **high temp in LA** be 71-72° on Feb 6, 2026?",finalized,Los Angeles,"Feb 6, 2026",between,71.0,72.0,69.98,4.38,openmeteo_archive,8.56,NO,NO,100.0,0.0,100.0,0.0,1.0,WIN
KXHIGHLAX-26FEB06-B69.5,"Will the **high temp in LA** be 69-70° on Feb 6, 2026?",finalized,Los Angeles,"Feb 6, 2026",between,69.0,70.0,69.98,4.38,openmeteo_archive,9.03,NO,NO,100.0,0.0,100.0,0.0,1.0,WIN
KXHIGHLAX-26FEB06-B67.5,"Will the **high temp in LA** be 67-68° on Feb 6, 2026?",finalized,Los Angeles,"Feb 6, 2026",between,67.0,68.0,69.98,4.38,openmeteo_archive,7.75,NO,YES,100.0,0.0,100.0,0.0,99.0,LOSS
KXHIGHLAX-26FEB05-T84,"Will the **high temp in LA** be >84° on Feb 5, 2026?",finalized,Los Angeles,"Feb 5, 2026",greater_than,84.0,,80.6,11.16,openmeteo_archive,38.03,NO,NO,100.0,0.0,100.0,0.0,1.0,WIN
KXHIGHLAX-26FEB05-T77,"Will the **high temp in LA** be <77° on Feb 5, 2026?",finalized,Los Angeles,"Feb 5, 2026",less_than,,77.0,80.6,11.16,openmeteo_archive,37.35,NO,NO,100.0,0.0,100.0,0.0,1.0,WIN
KXHIGHLAX-26FEB05-B83.5,"Will the **high temp in LA** be 83-84° on Feb 5, 2026?",finalized,Los Angeles,"Feb 5, 2026",between,83.0,84.0,80.6,11.16,openmeteo_archive,3.45,NO,YES,100.0,0.0,100.0,0.0,99.0,LOSS
KXHIGHLAX-26FEB05-B81.5,"Will the **high temp in LA** be 81-82° on Feb 5, 2026?",finalized,Los Angeles,"Feb 5, 2026",between,81.0,82.0,80.6,11.16,openmeteo_archive,3.56,NO,NO,100.0,0.0,100.0,0.0,1.0,WIN
KXHIGHLAX-26FEB05-B79.5,"Will the **high temp in LA** be 79-80° on Feb 5, 2026?",finalized,Los Angeles,"Feb 5, 2026",between,79.0,80.0,80.6,11.16,openmeteo_archive,3.56,NO,NO,100.0,0.0,100.0,0.0,1.0,WIN
KXHIGHLAX-26FEB05-B77.5,"Will the **high temp in LA** be 77-78° on Feb 5, 2026?",finalized,Los Angeles,"Feb 5, 2026",between,77.0,78.0,80.6,11.16,openmeteo_archive,3.44,NO,NO,100.0,0.0,100.0,0.0,1.0,WIN
KXHIGHLAX-26FEB04-T87,"Will the **high temp in LA** be >87° on Feb 4, 2026?",finalized,Los Angeles,"Feb 4, 2026",greater_than,87.0,,84.56,11.94,openmeteo_archive,41.9,NO,NO,100.0,0.0,100.0,0.0,1.0,WIN
KXHIGHLAX-26FEB04-T80,"Will the **high temp in LA** be <80° on Feb 4, 2026?",finalized,Los Angeles,"Feb 4, 2026",less_than,,80.0,84.56,11.94,openmeteo_archive,35.13,NO,NO,100.0,0.0,100.0,0.0,1.0,WIN
KXHIGHLAX-26FEB04-B86.5,"Will the **high temp in LA** be 86-87° on Feb 4, 2026?",finalized,Los Angeles,"Feb 4, 2026",between,86.0,87.0,84.56,11.94,openmeteo_archive,3.3,NO,YES,100.0,0.0,100.0,0.0,99.0,LOSS
KXHIGHLAX-26FEB04-B84.5,"Will the **high temp in LA** be 84-85° on Feb 4, 2026?",finalized,Los Angeles,"Feb 4, 2026",between,84.0,85.0,84.56,11.94,openmeteo_archive,3.34,NO,NO,100.0,0.0,100.0,0.0,1.0,WIN
KXHIGHLAX-26FEB04-B82.5,"Will the **high temp in LA** be 82-83° on Feb 4, 2026?",finalized,Los Angeles,"Feb 4, 2026",between,82.0,83.0,84.56,11.94,openmeteo_archive,3.29,NO,NO,100.0,0.0,100.0,0.0,1.0,WIN
KXHIGHLAX-26FEB04-B80.5,"Will the **high temp in LA** be 80-81° on Feb 4, 2026?",finalized,Los Angeles,"Feb 4, 2026",between,80.0,81.0,84.56,11.94,openmeteo_archive,3.15,NO,NO,100.0,0.0,100.0,0.0,1.0,WIN
KXHIGHLAX-26FEB03-T81,"Will the **high temp in LA** be >81° on Feb 3, 2026?",finalized,Los Angeles,"Feb 3, 2026",greater_than,81.0,,78.8,11.28,openmeteo_archive,42.27,NO,NO,100.0,0.0,100.0,0.0,1.0,WIN
KXHIGHLAX-26FEB03-T74,"Will the **high temp in LA** be <74° on Feb 3, 2026?",finalized,Los Angeles,"Feb 3, 2026",less_than,,74.0,78.8,11.28,openmeteo_archive,33.52,NO,NO,100.0,0.0,100.0,0.0,1.0,WIN
KXHIGHLAX-26FEB03-B80.5,"Will the **high temp in LA** be 80-81° on Feb 3, 2026?",finalized,Los Angeles,"Feb 3, 2026",between,80.0,81.0,78.8,11.28,openmeteo_archive,3.5,NO,NO,100.0,0.0,100.0,0.0,1.0,WIN
KXHIGHLAX-26FEB03-B78.5,"Will the **high temp in LA** be 78-79° on Feb 3, 2026?",finalized,Los Angeles,"Feb 3, 2026",between,78.0,79.0,78.8,11.28,openmeteo_archive,3.53,NO,NO,100.0,0.0,100.0,0.0,1.0,WIN
KXHIGHLAX-26FEB03-B76.5,"Will the **high temp in LA** be 76-77° on Feb 3, 2026?",finalized,Los Angeles,"Feb 3, 2026",between,76.0,77.0,78.8,11.28,openmeteo_archive,3.46,NO,NO,100.0,0.0,100.0,0.0,1.0,WIN
KXHIGHLAX-26FEB03-B74.5,"Will the **high temp in LA** be 74-75° on Feb 3, 2026?",finalized,Los Angeles,"Feb 3, 2026",between,74.0,75.0,78.8,11.28,openmeteo_archive,3.29,NO,YES,100.0,0.0,100.0,0.0,99.0,LOSS
KXHIGHLAX-26FEB02-T76,"Will the **high temp in LA** be >76° on Feb 2, 2026?",finalized,Los Angeles,"Feb 2, 2026",greater_than,76.0,,75.2,7.14,openmeteo_archive,45.54,,NO,100.0,0.0,100.0,0.0,1.0,NO_SIGNAL
KXHIGHLAX-26FEB02-T69,"Will the **high temp in LA** be <69° on Feb 2, 2026?",finalized,Los Angeles,"Feb 2, 2026",less_than,,69.0,75.2,7.14,openmeteo_archive,19.26,NO,NO,100.0,0.0,100.0,0.0,1.0,WIN
KXHIGHLAX-26FEB02-B75.5,"Will the **high temp in LA** be 75-76° on Feb 2, 2026?",finalized,Los Angeles,"Feb 2, 2026",between,75.0,76.0,75.2,7.14,openmeteo_archive,5.58,NO,NO,100.0,0.0,100.0,0.0,1.0,WIN
KXHIGHLAX-26FEB02-B73.5,"Will the **high temp in LA** be 73-74° on Feb 2, 2026?",finalized,Los Angeles,"Feb 2, 2026",between,73.0,74.0,75.2,7.14,openmeteo_archive,5.43,NO,YES,100.0,0.0,100.0,0.0,99.0,LOSS
KXHIGHLAX-26FEB02-B71.5,"Will the **high temp in LA** be 71-72° on Feb 2, 2026?",finalized,Los Angeles,"Feb 2, 2026",between,71.0,72.0,75.2,7.14,openmeteo_archive,4.88,NO,NO,100.0,0.0,100.0,0.0,1.0,WIN
KXHIGHLAX-26FEB02-B69.5,"Will the **high temp in LA** be 69-70° on Feb 2, 2026?",finalized,Los Angeles,"Feb 2, 2026",between,69.0,70.0,75.2,7.14,openmeteo_archive,4.06,NO,NO,100.0,0.0,100.0,0.0,1.0,WIN
KXHIGHLAX-26FEB01-T79,"Will the **high temp in LA** be >79° on Feb 1, 2026?",finalized,Los Angeles,"Feb 1, 2026",greater_than,79.0,,81.5,11.34,openmeteo_archive,58.72,YES,NO,100.0,0.0,100.0,0.0,1.0,LOSS
KXHIGHLAX-26FEB01-T72,"Will the **high temp in LA** be <72° on Feb 1, 2026?",finalized,Los Angeles,"Feb 1, 2026",less_than,,72.0,81.5,11.34,openmeteo_archive,20.11,NO,NO,100.0,0.0,100.0,0.0,1.0,WIN
KXHIGHLAX-26FEB01-B78.5,"Will the **high temp in LA** be 78-79° on Feb 1, 2026?",finalized,Los Angeles,"Feb 1, 2026",between,78.0,79.0,81.5,11.34,openmeteo_archive,3.4,NO,YES,100.0,0.0,100.0,0.0,99.0,LOSS
KXHIGHLAX-26FEB01-B76.5,"Will the **high temp in LA** be 76-77° on Feb 1, 2026?",finalized,Los Angeles,"Feb 1, 2026",between,76.0,77.0,81.5,11.34,openmeteo_archive,3.19,NO,NO,100.0,0.0,100.0,0.0,1.0,WIN
KXHIGHLAX-26FEB01-B74.5,"Will the **high temp in LA** be 74-75° on Feb 1, 2026?",finalized,Los Angeles,"Feb 1, 2026",between,74.0,75.0,81.5,11.34,openmeteo_archive,2.91,NO,NO,100.0,0.0,100.0,0.0,1.0,WIN
KXHIGHLAX-26FEB01-B72.5,"Will the **high temp in LA** be 72-73° on Feb 1, 2026?",finalized,Los Angeles,"Feb 1, 2026",between,72.0,73.0,81.5,11.34,openmeteo_archive,2.57,NO,NO,100.0,0.0,100.0,0.0,1.0,WIN
KXHIGHLAX-26JAN31-T88,"Will the **high temp in LA** be >88° on Jan 31, 2026?",finalized,Los Angeles,"Jan 31, 2026",greater_than,88.0,,81.68,11.22,openmeteo_archive,28.66,NO,NO,100.0,0.0,100.0,0.0,1.0,WIN
KXHIGHLAX-26JAN31-T81,"Will the **high temp in LA** be <81° on Jan 31, 2026?",finalized,Los Angeles,"Jan 31, 2026",less_than,,81.0,81.68,11.22,openmeteo_archive,47.58,,NO,100.0,0.0,100.0,0.0,1.0,NO_SIGNAL
KXHIGHLAX-26JAN31-B87.5,"Will the **high temp in LA** be 87-88° on Jan 31, 2026?",finalized,Los Angeles,"Jan 31, 2026",between,87.0,88.0,81.68,11.22,openmeteo_archive,3.11,NO,NO,100.0,0.0,100.0,0.0,1.0,WIN
KXHIGHLAX-26JAN31-B85.5,"Will the **high temp in LA** be 85-86° on Jan 31, 2026?",finalized,Los Angeles,"Jan 31, 2026",between,85.0,86.0,81.68,11.22,openmeteo_archive,3.35,NO,YES,100.0,0.0,100.0,0.0,99.0,LOSS
KXHIGHLAX-26JAN31-B83.5,"Will the **high temp in LA** be 83-84° on Jan 31, 2026?",finalized,Los Angeles,"Jan 31, 2026",between,83.0,84.0,81.68,11.22,openmeteo_archive,3.51,NO,NO,100.0,0.0,100.0,0.0,1.0,WIN
KXHIGHLAX-26JAN31-B81.5,"Will the **high temp in LA** be 81-82° on Jan 31, 2026?",finalized,Los Angeles,"Jan 31, 2026",between,81.0,82.0,81.68,11.22,openmeteo_archive,3.55,NO,NO,100.0,0.0,100.0,0.0,1.0,WIN
KXHIGHLAX-26JAN30-T86,"Will the **high temp in LA** be >86° on Jan 30, 2026?",finalized,Los Angeles,"Jan 30, 2026",greater_than,86.0,,82.76,11.64,openmeteo_archive,39.04,NO,NO,100.0,0.0,100.0,0.0,1.0,WIN
KXHIGHLAX-26JAN30-T79,"Will the **high temp in LA** be <79° on Jan 30, 2026?",finalized,Los Angeles,"Jan 30, 2026",less_than,,79.0,82.76,11.64,openmeteo_archive,37.33,NO,NO,100.0,0.0,100.0,0.0,1.0,WIN
KXHIGHLAX-26JAN30-B85.5,"Will the **high temp in LA** be 85-86° on Jan 30, 2026?",finalized,Los Angeles,"Jan 30, 2026",between,85.0,86.0,82.76,11.64,openmeteo_archive,3.33,NO,NO,100.0,0.0,100.0,0.0,1.0,WIN
KXHIGHLAX-26JAN30-B83.5,"Will the **high temp in LA** be 83-84° on Jan 30, 2026?",finalized,Los Angeles,"Jan 30, 2026",between,83.0,84.0,82.76,11.64,openmeteo_archive,3.42,NO,YES,100.0,0.0,100.0,0.0,99.0,LOSS
KXHIGHLAX-26JAN30-B81.5,"Will the **high temp in LA** be 81-82° on Jan 30, 2026?",finalized,Los Angeles,"Jan 30, 2026",between,81.0,82.0,82.76,11.64,openmeteo_archive,3.41,NO,NO,100.0,0.0,100.0,0.0,1.0,WIN
KXHIGHLAX-26JAN30-B79.5,"Will the **high temp in LA** be 79-80° on Jan 30, 2026?",finalized,Los Angeles,"Jan 30, 2026",between,79.0,80.0,82.76,11.64,openmeteo_archive,3.29,NO,NO,100.0,0.0,100.0,0.0,1.0,WIN
